{
  "Loomis Laboratory": [40.111193, -88.222720, 40.110742, -88.223771],
  "Mumford Hall": [40.104023, -88.225747, 40.103252, -88.226176],
  "Engineering Hall": [40.111054, -88.226609, 40.110660, -88.227381],
  "Psychology Building": [40.107706, -88.229688, 40.107295, -88.230203],
  "Armory": [40.105178, -88.231051, 40.104374, -88.232832],
  "Talbot Laboratory": [40.112107, -88.227885, 40.111598, -88.228690],
  "Illini Hall": [40.109648, -88.229064, 40.109229, -88.229440],
  "901 W Oregon": [40.106909, -88.219304, 40.106597, -88.219583],
  "Gregory Hall": [40.105875, -88.227644, 40.105473, -88.228556],
  "Materials Science & Eng Bld": [40.111126, -88.225755, 40.110683, -88.226442],
  "Allen Residence Hall": [40.104643, -88.219617, 40.103658, -88.221087],
  "Altgeld Hall": [40.109523, -88.228045, 40.109022, -88.228614],
  "Digital Computer Laboratory": [40.113442, -88.225728, 40.112851, -88.227101],
  "Speech & Hearing Science Bldg": [40.107902, -88.230447, 40.107426, -88.230994],
  "Everitt Elec & Comp Engr Lab": [40.110582, -88.269468, 40.110447, -88.269602],
  "Ceramics Building": [40.111959, -88.224102, 40.111422, -88.224386],
  "Henry Administration Bldg": [40.108607, -88.227881, 40.108082, -88.228632],
  "Burrill Hall": [40.109457, -88.224396, 40.109055, -88.225372],
  "Davenport Hall": [40.107864, -88.225719, 40.106674, -88.226567],
  "Library": [40.105110, -88.228244, 40.104257, -88.229038],
  "Noyes Laboratory": [40.108742, -88.225697, 40.108086, -88.226512],
  "Electrical & Computer Eng Bldg": [40.115224, -88.227715, 40.114592, -88.228788],
  "Wohlers Hall": [40.104044, -88.229481, 40.103191, -88.230017],
  "Siebel Center for Comp Sci": [40.114361, -88.224229, 40.113696, -88.225592],
  "Bevier Hall": [40.105240, -88.224084, 40.104255, -88.224578],
  "Pennsylvania Lounge Bld - PAR": [40.100617, -88.219211, 40.099517, -88.221239],
  "Weston Hall": [40.103207, -88.234925, 40.102776, -88.235687],
  "Temple Hoyne Buell Hall": [40.102483, -88.227776, 40.101689, -88.228345],
  "Lincoln Hall": [40.106942, -88.227843, 40.106277, -88.228551],
  "Transportation Building": [40.111970, -88.225042, 40.111420, -88.225380],
  "Animal Sciences Laboratory": [40.104027, -88.224669, 40.103682, -88.225635],
  "Foreign Languages Building": [40.106436, -88.225754, 40.106116, -88.226591],
  "David Kinley Hall": [40.104021, -88.228208, 40.103192, -88.228584],
  "Agricultural Engr Sciences Bld": [40.102426, -88.226166, 40.101400, -88.226531],
  "Mechanical Engineering Bldg": [40.111326, -88.224418, 40.110692, -88.225308],
  "Foellinger Auditorium": [40.106186, -88.226932, 40.105677, -88.227479],
  "Business Instructional Fac": [40.104000, -88.230406, 40.103196, -88.231436],
  "English Building": [40.107852, -88.227851, 40.107294, -88.228559],
  "Music Building": [40.106438, -88.223092, 40.106157, -88.223438],
  "Smith Memorial Hall": [40.105891, -88.225721, 40.105548, -88.226330],
  "National Soybean Res Ctr": [40.101402, -88.222108, 40.100720, -88.223032],
  "Turner Hall": [40.103273, -88.223897, 40.102578, -88.224537]
}
